<?xml version="1.0" encoding="UTF-8"?>
<project-private xmlns="http://www.netbeans.org/ns/project-private/1">
    <open-files xmlns="http://www.netbeans.org/ns/projectui-open-files/2">
        <group>
            <file>file:/Users/zoraida/Desktop/excepciones_ruby/lib/prueba_excepciones.rb</file>
            <file>file:/Users/zoraida/Desktop/excepciones_ruby/lib/direccion.rb</file>
            <file>file:/Users/zoraida/Desktop/excepciones_ruby/README</file>
        </group>
    </open-files>
</project-private>
