<?xml version="1.0" encoding="UTF-8"?>
<project-private xmlns="http://www.netbeans.org/ns/project-private/1">
    <editor-bookmarks xmlns="http://www.netbeans.org/ns/editor-bookmarks/2" lastBookmarkId="0"/>
    <open-files xmlns="http://www.netbeans.org/ns/projectui-open-files/2">
        <group>
            <file>file:/Users/zoraida/Desktop/club_ciclista_ruby/el_club_ruby/lib/bicicleta.rb</file>
            <file>file:/Users/zoraida/Desktop/club_ciclista_ruby/el_club_ruby/lib/prueba_club.rb</file>
            <file>file:/Users/zoraida/Desktop/club_ciclista_ruby/el_club_ruby/lib/club.rb</file>
            <file>file:/Users/zoraida/Desktop/club_ciclista_ruby/el_club_ruby/lib/ciclista.rb</file>
            <file>file:/Users/zoraida/Desktop/club_ciclista_ruby/el_club_ruby/README</file>
        </group>
    </open-files>
</project-private>
