<?xml version="1.0" encoding="UTF-8"?>
<project-private xmlns="http://www.netbeans.org/ns/project-private/1">
    <editor-bookmarks xmlns="http://www.netbeans.org/ns/editor-bookmarks/2" lastBookmarkId="0"/>
    <open-files xmlns="http://www.netbeans.org/ns/projectui-open-files/2">
        <group>
            <file>file:/Users/zoraida/Desktop/ColeccionesJava/src/ejemplocolecciones/EjemploHashSet.java</file>
            <file>file:/Users/zoraida/Desktop/ColeccionesJava/src/ejemplocolecciones/EjemploArrayList.java</file>
            <file>file:/Users/zoraida/Desktop/ColeccionesJava/src/ejemplocolecciones/Rueda.java</file>
            <file>file:/Users/zoraida/Desktop/ColeccionesJava/src/ejemplocolecciones/EjemploTreeMap.java</file>
            <file>file:/Users/zoraida/Desktop/ColeccionesJava/src/ejemplocolecciones/EjemploHashMap.java</file>
        </group>
    </open-files>
</project-private>
