<?xml version="1.0" encoding="UTF-8"?>
<project-private xmlns="http://www.netbeans.org/ns/project-private/1">
    <editor-bookmarks xmlns="http://www.netbeans.org/ns/editor-bookmarks/2" lastBookmarkId="0"/>
    <open-files xmlns="http://www.netbeans.org/ns/projectui-open-files/2">
        <group>
            <file>file:/Users/zoraida/Desktop/constructores_ruby/Rakefile</file>
            <file>file:/Users/zoraida/Desktop/constructores_ruby/lib/main_primera_forma.rb</file>
            <file>file:/Users/zoraida/Desktop/constructores_ruby/README</file>
            <file>file:/Users/zoraida/Desktop/constructores_ruby/lib/main_segunda_forma.rb</file>
        </group>
    </open-files>
</project-private>
