<?xml version="1.0" encoding="UTF-8"?>
<project-private xmlns="http://www.netbeans.org/ns/project-private/1">
    <editor-bookmarks xmlns="http://www.netbeans.org/ns/editor-bookmarks/2" lastBookmarkId="0"/>
    <open-files xmlns="http://www.netbeans.org/ns/projectui-open-files/2">
        <group>
            <file>file:/Users/zoraida/Desktop/basico_ruby/lib/Persona.rb</file>
            <file>file:/Users/zoraida/Desktop/basico_ruby/lib/main.rb</file>
            <file>file:/Users/zoraida/Desktop/basico_ruby/lib/Ejemplos_Hash.rb</file>
            <file>file:/Users/zoraida/Desktop/basico_ruby/lib/Persona2.rb</file>
            <file>file:/Users/zoraida/Desktop/basico_ruby/lib/Ejemplos_Iniciales.rb</file>
            <file>file:/Users/zoraida/Desktop/basico_ruby/README</file>
            <file>file:/Users/zoraida/Desktop/basico_ruby/lib/Ejemplos_Control.rb</file>
            <file>file:/Users/zoraida/Desktop/basico_ruby/lib/Ejemplos_Array.rb</file>
        </group>
    </open-files>
</project-private>
