<?xml version="1.0" encoding="UTF-8"?>
<project-private xmlns="http://www.netbeans.org/ns/project-private/1">
    <editor-bookmarks xmlns="http://www.netbeans.org/ns/editor-bookmarks/2" lastBookmarkId="0"/>
    <open-files xmlns="http://www.netbeans.org/ns/projectui-open-files/2">
        <group>
            <file>file:/Users/zoraida/Desktop/modulos_ruby/lib/a.rb</file>
            <file>file:/Users/zoraida/Desktop/modulos_ruby/lib/b.rb</file>
            <file>file:/Users/zoraida/Desktop/modulos_ruby/README</file>
            <file>file:/Users/zoraida/Desktop/modulos_ruby/lib/c.rb</file>
            <file>file:/Users/zoraida/Desktop/modulos_ruby/lib/d.rb</file>
            <file>file:/Users/zoraida/Desktop/modulos_ruby/lib/e.rb</file>
            <file>file:/Users/zoraida/Desktop/modulos_ruby/lib/f.rb</file>
        </group>
    </open-files>
</project-private>
